model_name,energy_Wh,co2_g,cost_usd,energy_Wh_per_token,roi_tokens_per_dollar
codellama,0.2464780998042562,0.11830948790604297,2.9577371976510742e-05,0.000525544306411811,16918230.30669144
codellama:70b,4.403246995729482,2.1135585579501512,0.0005283896394875379,0.013613042582012808,616134.2479409857
codellama:7b,0.18455114615759138,0.08858455015564386,2.2146137538910966e-05,0.00048045403106996854,18626801.59681883
gemma:2b,0.055281654590967656,0.026535194203664472,6.633798550916118e-06,0.0002728983608018857,33591383.1673158
gemma:7b,0.13653118506437978,0.06553496883090229,1.6383742207725572e-05,0.0007392753373490426,12636426.009065257
llama3,0.1342288976470231,0.06442987087057109,1.610746771764277e-05,0.0006426930166259759,14255911.231729079
llama3:70b,2.258170755301612,1.0839219625447738,0.00027098049063619344,0.009852090050063437,894871.5008113604
